student_id,study_hours,attendance,homework_completed,extracurricular,previous_grade,current_grade,pass_fail
-0.7969027679765226,0.1149723024322524,0.1893949029218632,0.3276470139328086,-0.4492564546843413,0.1467276328526121,0.1446742369541414,Pass
1.0047904465790938,0.816022927019157,0.6878025421899258,0.610101336288678,0.5273880120207486,0.8017617080874848,0.802284404927515,Pass
0.3811274107713804,-1.2871289467415568,-1.5550318345163554,-1.6495332425582776,-1.4259009213894311,-1.556360962758057,-1.5651121997766295,Fail
1.420565803784236,1.096443176853919,0.9370063618239568,0.8925556586445476,1.5040324787258386,0.9327685231344592,0.9338064385221896,Pass
-0.5197191965064278,0.5356026771843951,0.6878025421899258,0.8925556586445476,0.5273880120207486,0.5397480779935357,0.5392403377381656,Pass
1.628453482386807,-0.5860783221546522,-0.4336146461632148,-0.5197159531347998,-0.4492564546843413,-0.3772996273352861,-0.3814138974245574,Pass
0.1039438393012855,-1.146918821824176,-1.1812261050653086,-1.0846245978465388,-1.4259009213894311,-1.1633405176171334,-1.1705460989926058,Pass
0.0346479464337618,1.5170735516060616,1.435414001092019,1.4574643033562864,1.5040324787258386,1.325788968275383,1.3283725393062138,Pass
